{"cameraMode":{"drawMode":0,"name":"Shaded","section":"Shading Mode"},"sceneLighting":false,"audioPlay":false,"sceneViewState":{"showFog":true,"showMaterialUpdate":true,"showSkybox":false,"showFlares":true,"showImageEffects":true,"showParticleSystems":true},"in2DMode":false,"pivot":{"x":0.0000014393044693861157,"y":-9.200603017234243e-7,"z":-0.000014535424270434305},"rotation":{"x":0.05755788832902908,"y":-0.8020859956741333,"z":0.07851377129554749,"w":0.5893539190292358},"size":0.000017320508050033823,"orthographic":false}