{"cameraMode":{"drawMode":0,"name":"Shaded","section":"Shading Mode"},"sceneLighting":false,"audioPlay":false,"sceneViewState":{"showFog":true,"showMaterialUpdate":true,"showSkybox":false,"showFlares":true,"showImageEffects":true,"showParticleSystems":true},"in2DMode":false,"pivot":{"x":0.0,"y":2.5199999809265138,"z":0.7999999523162842},"rotation":{"x":0.2645139992237091,"y":0.0736866369843483,"z":-0.020280782133340837,"w":0.9613662958145142},"size":0.8660253882408142,"orthographic":false}