{"cameraMode":{"drawMode":0,"name":"Shaded","section":"Shading Mode"},"sceneLighting":false,"audioPlay":false,"sceneViewState":{"showFog":true,"showMaterialUpdate":true,"showSkybox":false,"showFlares":true,"showImageEffects":true,"showParticleSystems":true},"in2DMode":false,"pivot":{"x":-1.2457879781723023,"y":0.6189999580383301,"z":-1.1319999694824219},"rotation":{"x":-0.0034011572133749725,"y":-0.995001494884491,"z":0.09430387616157532,"w":-0.035151757299900058},"size":0.8174961805343628,"orthographic":false}