{"cameraMode":{"drawMode":0,"name":"Shaded","section":"Shading Mode"},"sceneLighting":false,"audioPlay":false,"sceneViewState":{"showFog":true,"showMaterialUpdate":true,"showSkybox":false,"showFlares":true,"showImageEffects":true,"showParticleSystems":true},"in2DMode":false,"pivot":{"x":-26.50553321838379,"y":-6.614238739013672,"z":-14.467503547668457},"rotation":{"x":0.06507028639316559,"y":-0.8520028591156006,"z":0.1092555820941925,"w":0.5080426335334778},"size":15.951777458190918,"orthographic":false}