{"cameraMode":{"drawMode":0,"name":"Shaded","section":"Shading Mode"},"sceneLighting":false,"audioPlay":false,"sceneViewState":{"showFog":true,"showMaterialUpdate":true,"showSkybox":false,"showFlares":true,"showImageEffects":true,"showParticleSystems":true},"in2DMode":false,"pivot":{"x":0.00016504526138305664,"y":0.8784214854240418,"z":0.008664026856422425},"rotation":{"x":0.04378386586904526,"y":-0.46468889713287356,"z":-0.023051517084240915,"w":-0.8841256499290466},"size":1.346865177154541,"orthographic":false}