{"cameraMode":{"drawMode":0,"name":"Shaded","section":"Shading Mode"},"sceneLighting":false,"audioPlay":false,"sceneViewState":{"showFog":true,"showMaterialUpdate":false,"showSkybox":false,"showFlares":true,"showImageEffects":true,"showParticleSystems":true},"in2DMode":false,"pivot":{"x":-1.3317567110061646,"y":0.2516162395477295,"z":-0.3792884349822998},"rotation":{"x":-0.03227524086833,"y":0.9654765725135803,"z":-0.14624109864234925,"w":-0.21335220336914063},"size":0.6276137232780457,"orthographic":false}