{"cameraMode":{"drawMode":0,"name":"Shaded","section":"Shading Mode"},"sceneLighting":true,"audioPlay":false,"sceneViewState":{"showFog":true,"showMaterialUpdate":true,"showSkybox":true,"showFlares":true,"showImageEffects":true,"showParticleSystems":true},"in2DMode":false,"pivot":{"x":140.90478515625,"y":-26.50385093688965,"z":-0.5857033729553223},"rotation":{"x":-0.07951319217681885,"y":-0.6921696662902832,"z":0.07712922990322113,"w":-0.7132274508476257},"size":83.15927124023438,"orthographic":false}