{"cameraMode":{"drawMode":0,"name":"Shaded","section":"Shading Mode"},"sceneLighting":false,"audioPlay":false,"sceneViewState":{"showFog":true,"showMaterialUpdate":true,"showSkybox":false,"showFlares":true,"showImageEffects":true,"showParticleSystems":true},"in2DMode":false,"pivot":{"x":-0.25012969970703127,"y":1.1608155965805054,"z":0.5324575304985046},"rotation":{"x":0.05429704114794731,"y":0.8928813338279724,"z":0.11169387400150299,"w":-0.43304702639579775},"size":0.3379494547843933,"orthographic":false}