{"cameraMode":{"drawMode":0,"name":"Shaded","section":"Shading Mode"},"sceneLighting":false,"audioPlay":false,"sceneViewState":{"showFog":true,"showMaterialUpdate":true,"showSkybox":false,"showFlares":true,"showImageEffects":true,"showParticleSystems":true},"in2DMode":false,"pivot":{"x":-1.0263458490371705,"y":1.1340159177780152,"z":-1.1618071794509888},"rotation":{"x":0.003860616823658347,"y":-0.9469894766807556,"z":0.32119762897491457,"w":0.011752001941204071},"size":1.1067161560058594,"orthographic":false}