{"cameraMode":{"drawMode":0,"name":"Shaded","section":"Shading Mode"},"sceneLighting":false,"audioPlay":false,"sceneViewState":{"showFog":true,"showMaterialUpdate":false,"showSkybox":false,"showFlares":true,"showImageEffects":true,"showParticleSystems":true},"in2DMode":false,"pivot":{"x":-0.09429240226745606,"y":0.5617209076881409,"z":-0.14424186944961549},"rotation":{"x":0.005891050212085247,"y":-0.9762575030326843,"z":0.02667386643588543,"w":0.21512554585933686},"size":0.628040611743927,"orthographic":false}