{"cameraMode":{"drawMode":0,"name":"Shaded","section":"Shading Mode"},"sceneLighting":false,"audioPlay":false,"sceneViewState":{"showFog":true,"showMaterialUpdate":false,"showSkybox":false,"showFlares":true,"showImageEffects":true,"showParticleSystems":true},"in2DMode":false,"pivot":{"x":-0.18999968469142915,"y":-2.7420496940612795,"z":-4.93721342086792},"rotation":{"x":0.0005494455108419061,"y":-0.9694943428039551,"z":0.24530117213726045,"w":0.002323148539289832},"size":3.417360305786133,"orthographic":false}