{"cameraMode":{"drawMode":0,"name":"Shaded","section":"Shading Mode"},"sceneLighting":false,"audioPlay":false,"sceneViewState":{"showFog":true,"showMaterialUpdate":true,"showSkybox":false,"showFlares":true,"showImageEffects":true,"showParticleSystems":true},"in2DMode":false,"pivot":{"x":18.655580520629884,"y":8.079376220703125,"z":5.735442161560059},"rotation":{"x":-0.0005385194090195,"y":-0.9978129863739014,"z":0.06595141440629959,"w":-0.00893018115311861},"size":1.8835994005203248,"orthographic":false}