{"cameraMode":{"drawMode":0,"name":"Shaded","section":"Shading Mode"},"sceneLighting":false,"audioPlay":false,"sceneViewState":{"showFog":true,"showMaterialUpdate":true,"showSkybox":false,"showFlares":true,"showImageEffects":true,"showParticleSystems":true},"in2DMode":false,"pivot":{"x":1.9660000801086426,"y":0.14775007963180543,"z":0.0},"rotation":{"x":0.2645139992237091,"y":0.0736866369843483,"z":-0.020280782133340837,"w":0.9613662958145142},"size":4.681249618530273,"orthographic":false}