{"cameraMode":{"drawMode":0,"name":"Shaded","section":"Shading Mode"},"sceneLighting":false,"audioPlay":false,"sceneViewState":{"showFog":true,"showMaterialUpdate":true,"showSkybox":false,"showFlares":true,"showImageEffects":true,"showParticleSystems":true},"in2DMode":false,"pivot":{"x":-1.1532089710235596,"y":1.0,"z":0.12855756282806397},"rotation":{"x":0.0629601702094078,"y":-0.657943844795227,"z":0.05546397343277931,"w":0.748483419418335},"size":1.8186532258987427,"orthographic":false}