{"cameraMode":{"drawMode":0,"name":"Shaded","section":"Shading Mode"},"sceneLighting":false,"audioPlay":false,"sceneViewState":{"showFog":true,"showMaterialUpdate":true,"showSkybox":false,"showFlares":true,"showImageEffects":true,"showParticleSystems":true},"in2DMode":false,"pivot":{"x":-0.10909146070480347,"y":-0.014689326286315918,"z":-0.09701564908027649},"rotation":{"x":0.21966999769210816,"y":0.7803354263305664,"z":-0.4152194559574127,"w":0.4128299355506897},"size":2.4164412021636965,"orthographic":false}