{"cameraMode":{"drawMode":0,"name":"Shaded","section":"Shading Mode"},"sceneLighting":false,"audioPlay":false,"sceneViewState":{"showFog":true,"showMaterialUpdate":true,"showSkybox":false,"showFlares":true,"showImageEffects":true,"showParticleSystems":true},"in2DMode":false,"pivot":{"x":2.4724032878875734,"y":0.6474032402038574,"z":0.0},"rotation":{"x":0.2645139992237091,"y":0.0736866369843483,"z":-0.020280782133340837,"w":0.9613662958145142},"size":3.902451992034912,"orthographic":false}